"","Number","Party","Votes15","Constituency","Share15"
"1",1,"Aam Aadmi Party",96143,"NERELA",0.599709324084932
"2",1,"Bharatiya Janata Party",55851,"NERELA",0.348380698121211
"3",1,"Indian National Congress",4643,"NERELA",0.0289615509368996
"4",1,"Bahujan Samaj Party",1662,"NERELA",0.0103670251253774
"5",1,"Shivsena",478,"NERELA",0.00298161131764765
"6",1,"Communist Party of India  (Marxist-Leninist)  (Liberation)",363,"NERELA",0.00226427805084957
"7",1,"Independent",218,"NERELA",0.00135981436662591
"8",1,"Independent",191,"NERELA",0.00119139699094289
"9",1,"None of the Above",767,"NERELA",0.00478430100551411
"10",1,"",NA,"NERELA",NA
"11",2,"Aam Aadmi Party",124724,"BURARI",0.638212734166722
"12",2,"Bharatiya Janata Party",56774,"BURARI",0.290512569911015
"13",2,"Indian National Congress",6750,"BURARI",0.0345397514161298
"14",2,"Bahujan Samaj Party",2343,"BURARI",0.0119891314915544
"15",2,"SOCIALIST UNITY CENTRE OF INDIA (COMMUNIST)",930,"BURARI",0.00475881019511122
"16",2,"Shivsena",561,"BURARI",0.00287063711769612
"17",2,"Independent",540,"BURARI",0.00276318011329038
"18",2,"Samras Samaj Party",532,"BURARI",0.00272224411161201
"19",2,"Independent",435,"BURARI",0.0022258950912617
"20",2,"Akhil Bhartiya Sudhar Party",382,"BURARI",0.00195469408014246
"21",2,"Communist Party of India  (Marxist)",250,"BURARI",0.00127925005244925
"22",2,"Bhartiya Janta Dal",158,"BURARI",0.000808486033147927
"23",2,"Akhil Bharat Hindu Mahasabha",130,"BURARI",0.000665210027273611
"24",2,"Rajlok Party",110,"BURARI",0.000562870023077671
"25",2,"Independent",109,"BURARI",0.000557753022867874
"26",2,"Gareeb Aadmi Party",105,"BURARI",0.000537285022028686
"27",2,"Peoples Green Party",96,"BURARI",0.000491232020140513
"28",2,"Republican Party of India (A)",85,"BURARI",0.000434945017832746
"29",2,"None of the Above",413,"BURARI",0.00211332108664616
"30",2,"",NA,"BURARI",NA
"31",3,"Aam Aadmi Party",64477,"TIMARPUR",0.510518856346548
"32",3,"Bharatiya Janata Party",43830,"TIMARPUR",0.347039122069408
"33",3,"Indian National Congress",14642,"TIMARPUR",0.115933078378742
"34",3,"Bahujan Samaj Party",592,"TIMARPUR",0.00468736391204858
"35",3,"Independent",581,"TIMARPUR",0.00460026762314228
"36",3,"Communist Party of India",542,"TIMARPUR",0.00429147168974718
"37",3,"Independent",448,"TIMARPUR",0.00354719431182055
"38",3,"Independent",170,"TIMARPUR",0.00134603355582476
"39",3,"Independent",129,"TIMARPUR",0.00102140193353761
"40",3,"Akhil Bhartiya Sudhar Party",119,"TIMARPUR",0.000942223489077334
"41",3,"Rashtriya Ekta Party",99,"TIMARPUR",0.000783866600156773
"42",3,"Bhartiya Janta Dal (Integrated)",61,"TIMARPUR",0.000482988511207709
"43",3,"Prajatantrik Samajvadi Party",52,"TIMARPUR",0.000411727911193457
"44",3,"None of the Above",555,"TIMARPUR",0.00439440366754555
"45",3,"",NA,"TIMARPUR",NA
"46",4,"Aam Aadmi Party",54026,"ADARSH NAGAR",0.513638135440138
"47",4,"Bharatiya Janata Party",33285,"ADARSH NAGAR",0.316448475514104
"48",4,"Indian National Congress",15341,"ADARSH NAGAR",0.145850565205404
"49",4,"Independent",694,"ADARSH NAGAR",0.00659802439557723
"50",4,"Bahujan Samaj Party",679,"ADARSH NAGAR",0.00645541579913104
"51",4,"Independent",263,"ADARSH NAGAR",0.00250040405768993
"52",4,"Independent",194,"ADARSH NAGAR",0.00184440451403744
"53",4,"Bharatiya Jan Kranti Dal (Democratic)",108,"ADARSH NAGAR",0.0010267818944126
"54",4,"Republican Party of India (A)",73,"ADARSH NAGAR",0.00069402850270481
"55",4,"Bhartiya Janta Dal (Integrated)",61,"ADARSH NAGAR",0.000579941625547855
"56",4,"None of the Above",459,"ADARSH NAGAR",0.00436382305125353
"57",4,"",NA,"ADARSH NAGAR",NA
"58",5,"Aam Aadmi Party",72795,"BADLI",0.511380400421496
"59",5,"Indian National Congress",37419,"BADLI",0.262866174920969
"60",5,"Bharatiya Janata Party",28238,"BADLI",0.198370214260625
"61",5,"SOCIALIST UNITY CENTRE OF INDIA (COMMUNIST)",947,"BADLI",0.00665261678960309
"62",5,"Independent",729,"BADLI",0.00512118018967334
"63",5,"Bahujan Samaj Party",685,"BADLI",0.00481208289427467
"64",5,"Independent",293,"BADLI",0.00205830698981384
"65",5,"Independent",202,"BADLI",0.00141903758342115
"66",5,"Nationalist Congress Party",169,"BADLI",0.00118721461187215
"67",5,"Independent",160,"BADLI",0.00112399016508606
"68",5,"None of the Above",713,"BADLI",0.00500878117316473
"69",5,"",NA,"BADLI",NA
"70",6,"Aam Aadmi Party",93470,"RITHALA",0.56625834514679
"71",6,"Bharatiya Janata Party",64219,"RITHALA",0.389050440429889
"72",6,"Indian National Congress",5367,"RITHALA",0.0325142670204645
"73",6,"Bahujan Samaj Party",542,"RITHALA",0.00328353507082016
"74",6,"Rashtriya Bahujan Hitay Party",266,"RITHALA",0.00161147662147262
"75",6,"Samras Samaj Party",156,"RITHALA",0.000945076514848606
"76",6,"Delhi Janta Party",127,"RITHALA",0.000769389214011365
"77",6,"Proutist Bloc, India",126,"RITHALA",0.000763331031223874
"78",6,"Asankhya Samaj Party",88,"RITHALA",0.000533120085299214
"79",6,"None of the Above",705,"RITHALA",0.0042710188651812
"80",6,"",NA,"RITHALA",NA
"81",7,"Aam Aadmi Party",109259,"BAWANA",0.579131771440687
"82",7,"Bharatiya Janata Party",59236,"BAWANA",0.313982826248277
"83",7,"Indian National Congress",14846,"BAWANA",0.0786918265663098
"84",7,"Bahujan Samaj Party",3657,"BAWANA",0.0193840771758719
"85",7,"Bhartiya Janta Dal",426,"BAWANA",0.00225803031909255
"86",7,"Rashtriya Bahujan Hitay Party",366,"BAWANA",0.00193999787978374
"87",7,"None of the Above",870,"BAWANA",0.00461147036997774
"88",7,"",NA,"BAWANA",NA
"89",8,"Aam Aadmi Party",94206,"MUNDKA",0.572221682297488
"90",8,"Bharatiya Janata Party",53380,"MUNDKA",0.324238301180815
"91",8,"Indian National Congress",13446,"MUNDKA",0.0816730647747704
"92",8,"Bahujan Samaj Party",778,"MUNDKA",0.00472569123864133
"93",8,"Rashtriya Bahujan Hitay Party",550,"MUNDKA",0.00334078429466932
"94",8,"Samras Samaj Party",361,"MUNDKA",0.00219276932795568
"95",8,"Independent",341,"MUNDKA",0.00207128626269498
"96",8,"Independent",240,"MUNDKA",0.00145779678312843
"97",8,"Independent",179,"MUNDKA",0.00108727343408329
"98",8,"Delhi Janta Party",157,"MUNDKA",0.000953642062296516
"99",8,"Gareeb Aadmi Party",117,"MUNDKA",0.000710675931775111
"100",8,"Nationalist Congress Party",110,"MUNDKA",0.000668156858933865
"101",8,"Republican Party of India",78,"MUNDKA",0.00047378395451674
"102",8,"Bhartiya Pragatisheel Congress",61,"MUNDKA",0.000370523349045143
"103",8,"All India Forward Bloc",52,"MUNDKA",0.000315855969677827
"104",8,"None of the Above",576,"MUNDKA",0.00349871227950824
"105",8,"",NA,"MUNDKA",NA
"106",9,"Aam Aadmi Party",97727,"KIRARI",0.616632488879074
"107",9,"Bharatiya Janata Party",52555,"KIRARI",0.331608669590182
"108",9,"Indian National Congress",2086,"KIRARI",0.0131621289080986
"109",9,"Bahujan Samaj Party",2021,"KIRARI",0.0127519954569833
"110",9,"Deshbhakt Nirman Party",1499,"KIRARI",0.00945830835725778
"111",9,"Independent",763,"KIRARI",0.00481433574155283
"112",9,"Hind Congress Party",339,"KIRARI",0.00213900369120106
"113",9,"Poorvanchal Rashtriya Congress",258,"KIRARI",0.00162791431365744
"114",9,"Nationalist Congress Party",224,"KIRARI",0.00141338296999716
"115",9,"Shivsena",173,"KIRARI",0.00109158595450674
"116",9,"None of the Above",840,"KIRARI",0.00530018613748935
"117",9,"",NA,"KIRARI",NA
"118",10,"Aam Aadmi Party",80269,"SULTANPUR MAJRA",0.694969696969697
"119",10,"Bharatiya Janata Party",15830,"SULTANPUR MAJRA",0.137056277056277
"120",10,"Indian National Congress",15036,"SULTANPUR MAJRA",0.130181818181818
"121",10,"Bahujan Samaj Party",2838,"SULTANPUR MAJRA",0.0245714285714286
"122",10,"Shivsena",549,"SULTANPUR MAJRA",0.00475324675324675
"123",10,"Bahujan Mukti Party",309,"SULTANPUR MAJRA",0.00267532467532468
"124",10,"Independent",148,"SULTANPUR MAJRA",0.00128138528138528
"125",10,"None of the Above",521,"SULTANPUR MAJRA",0.00451082251082251
"126",10,"",NA,"SULTANPUR MAJRA",NA
"127",11,"Aam Aadmi Party",83259,"NANGLOI JAT",0.546408531583265
"128",11,"Bharatiya Janata Party",46235,"NANGLOI JAT",0.303429040196883
"129",11,"Indian National Congress",15756,"NANGLOI JAT",0.103402789171452
"130",11,"Independent",3323,"NANGLOI JAT",0.0218080393765381
"131",11,"Bahujan Samaj Party",1173,"NANGLOI JAT",0.00769811320754717
"132",11,"Janata Dal  (United)",538,"NANGLOI JAT",0.00353076292042658
"133",11,"Independent",410,"NANGLOI JAT",0.00269073010664479
"134",11,"Independent",289,"NANGLOI JAT",0.00189663658736669
"135",11,"Purvanchal Mahapanchayat",280,"NANGLOI JAT",0.00183757178014766
"136",11,"Independent",139,"NANGLOI JAT",0.000912223133716161
"137",11,"All India Forward Bloc",131,"NANGLOI JAT",0.000859721082854799
"138",11,"Hind Congress Party",103,"NANGLOI JAT",0.000675963904840033
"139",11,"Sathi Aur Aapka Faisala Party",102,"NANGLOI JAT",0.000669401148482363
"140",11,"Vishva SHakti Party",62,"NANGLOI JAT",0.000406890894175554
"141",11,"Delhi Janta Party",58,"NANGLOI JAT",0.000380639868744873
"142",11,"None of the Above",517,"NANGLOI JAT",0.0033929450369155
"143",11,"",NA,"NANGLOI JAT",NA
"144",12,"Aam Aadmi Party",60534,"MANGOL PURI",0.469401364764268
"145",12,"Indian National Congress",37835,"MANGOL PURI",0.293385545905707
"146",12,"Bharatiya Janata Party",27889,"MANGOL PURI",0.216260856079404
"147",12,"Bahujan Samaj Party",1659,"MANGOL PURI",0.0128644540942928
"148",12,"Shivsena",330,"MANGOL PURI",0.00255893300248139
"149",12,"Independent",179,"MANGOL PURI",0.00138802729528536
"150",12,"None of the Above",534,"MANGOL PURI",0.00414081885856079
"151",12,"",NA,"MANGOL PURI",NA
"152",13,"Bharatiya Janata Party",59866,"ROHINI",0.498293685805131
"153",13,"Aam Aadmi Party",54499,"ROHINI",0.453621547835062
"154",13,"Indian National Congress",3399,"ROHINI",0.0282915216993225
"155",13,"Dalit Mazdoor Kishan Party",1406,"ROHINI",0.0117028183316409
"156",13,"Bahujan Samaj Party",349,"ROHINI",0.00290489587321669
"157",13,"Independent",66,"ROHINI",0.000549349935909174
"158",13,"None of the Above",557,"ROHINI",0.00463618051971833
"159",13,"",NA,"ROHINI",NA
"160",14,"Aam Aadmi Party",62656,"SHALIMAR BAGH",0.521420725009154
"161",14,"Bharatiya Janata Party",51678,"SHALIMAR BAGH",0.43006224826071
"162",14,"Indian National Congress",3200,"SHALIMAR BAGH",0.0266302719616524
"163",14,"Bahujan Samaj Party",892,"SHALIMAR BAGH",0.00742318830931061
"164",14,"Independent",430,"SHALIMAR BAGH",0.00357844279484704
"165",14,"Independent",286,"SHALIMAR BAGH",0.00238008055657268
"166",14,"Independent",219,"SHALIMAR BAGH",0.00182250923737559
"167",14,"Independent",90,"SHALIMAR BAGH",0.000748976398921474
"168",14,"Independent",86,"SHALIMAR BAGH",0.000715688558969408
"169",14,"None of the Above",627,"SHALIMAR BAGH",0.00521786891248627
"170",14,"",NA,"SHALIMAR BAGH",NA
"171",15,"Aam Aadmi Party",51530,"SHAKUR BASTI",0.48665086365654
"172",15,"Bharatiya Janata Party",48397,"SHAKUR BASTI",0.457062717802941
"173",15,"Indian National Congress",4812,"SHAKUR BASTI",0.0454446721505001
"174",15,"Kalyankari Jantantrik Party",234,"SHAKUR BASTI",0.00220990300981235
"175",15,"Bahujan Samaj Party",233,"SHAKUR BASTI",0.00220045897985588
"176",15,"Naya Daur Party",103,"SHAKUR BASTI",0.000972735085515691
"177",15,"Independent",87,"SHAKUR BASTI",0.000821630606212283
"178",15,"Delhi Janta Party",53,"SHAKUR BASTI",0.00050053358769254
"179",15,"None of the Above",438,"SHAKUR BASTI",0.0041364851209308
"180",15,"",NA,"SHAKUR BASTI",NA
"181",16,"Aam Aadmi Party",63012,"TRI NAGAR",0.557046623879489
"182",16,"Bharatiya Janata Party",40701,"TRI NAGAR",0.359810109796849
"183",16,"Indian National Congress",7939,"TRI NAGAR",0.0701833483618876
"184",16,"Bahujan Samaj Party",317,"TRI NAGAR",0.00280238335189802
"185",16,"Independent",275,"TRI NAGAR",0.00243108965858661
"186",16,"Independent",139,"TRI NAGAR",0.00122880531834014
"187",16,"Nationalist Congress Party",101,"TRI NAGAR",0.000892872929153627
"188",16,"Janata Dal  (United)",80,"TRI NAGAR",0.000707226082497922
"189",16,"Independent",61,"TRI NAGAR",0.000539259887904666
"190",16,"Independent",33,"TRI NAGAR",0.000291730759030393
"191",16,"Shivsena",28,"TRI NAGAR",0.000247529128874273
"192",16,"Samras Samaj Party",18,"TRI NAGAR",0.000159125868562033
"193",16,"All India Minorities Front",7,"TRI NAGAR",6.18822822185682e-05
"194",16,"None of the Above",407,"TRI NAGAR",0.00359801269470818
"195",16,"",NA,"TRI NAGAR",NA
"196",17,"Aam Aadmi Party",61208,"WAZIRPUR",0.548532508849756
"197",17,"Bharatiya Janata Party",39164,"WAZIRPUR",0.350979074248331
"198",17,"Indian National Congress",8371,"WAZIRPUR",0.0750190437782856
"199",17,"Bahujan Samaj Party",1185,"WAZIRPUR",0.0106197069498589
"200",17,"Independent",547,"WAZIRPUR",0.00490209257516691
"201",17,"Independent",231,"WAZIRPUR",0.00207017072187122
"202",17,"Communist Party of India  (Marxist-Leninist)  (Liberation)",183,"WAZIRPUR",0.00164000537706681
"203",17,"Asankhya Samaj Party",70,"WAZIRPUR",0.000627324461173097
"204",17,"Lokpriya Samaj Party",62,"WAZIRPUR",0.000555630237039029
"205",17,"Samras Samaj Party",53,"WAZIRPUR",0.000474974234888202
"206",17,"Prajatantrik Samajvadi Party",43,"WAZIRPUR",0.000385356454720617
"207",17,"None of the Above",468,"WAZIRPUR",0.00419411211184299
"208",17,"",NA,"WAZIRPUR",NA
"209",18,"Aam Aadmi Party",54628,"MODEL TOWN",0.523838748034214
"210",18,"Bharatiya Janata Party",37922,"MODEL TOWN",0.363641594108396
"211",18,"Indian National Congress",8992,"MODEL TOWN",0.0862260749491773
"212",18,"Independent",1176,"MODEL TOWN",0.011276897702428
"213",18,"Bahujan Samaj Party",601,"MODEL TOWN",0.0057631084346592
"214",18,"Independent",146,"MODEL TOWN",0.00140002301407694
"215",18,"Independent",129,"MODEL TOWN",0.00123700663572552
"216",18,"None of the Above",690,"MODEL TOWN",0.00661654712132254
"217",18,"",NA,"MODEL TOWN",NA
"218",19,"Aam Aadmi Party",67507,"SADAR BAZAR",0.565973037325195
"219",19,"Bharatiya Janata Party",33192,"SADAR BAZAR",0.278278949662967
"220",19,"Indian National Congress",16331,"SADAR BAZAR",0.136917737013314
"221",19,"Bahujan Samaj Party",748,"SADAR BAZAR",0.00627116938864482
"222",19,"Shivsena",257,"SADAR BAZAR",0.00215466648780979
"223",19,"Independent",189,"SADAR BAZAR",0.00158456017975117
"224",19,"Independent",172,"SADAR BAZAR",0.00144203360273651
"225",19,"SOCIALIST UNITY CENTRE OF INDIA (COMMUNIST)",130,"SADAR BAZAR",0.00108990911834736
"226",19,"Independent",119,"SADAR BAZAR",0.000997686039102586
"227",19,"Hind Congress Party",81,"SADAR BAZAR",0.000679097219893357
"228",19,"Independent",56,"SADAR BAZAR",0.000469499312518864
"229",19,"Asankhya Samaj Party",44,"SADAR BAZAR",0.000368892316979107
"230",19,"Republican Party of India (A)",38,"SADAR BAZAR",0.000318588819209229
"231",19,"None of the Above",412,"SADAR BAZAR",0.00345417351353164
"232",19,"",NA,"SADAR BAZAR",NA
"233",20,"Aam Aadmi Party",36756,"CHANDNI CHOWK",0.493528116440196
"234",20,"Bharatiya Janata Party",18469,"CHANDNI CHOWK",0.247985928352758
"235",20,"Indian National Congress",17930,"CHANDNI CHOWK",0.240748697567001
"236",20,"Bahujan Samaj Party",217,"CHANDNI CHOWK",0.00291369031634352
"237",20,"Nationalist Congress Party",212,"CHANDNI CHOWK",0.00284655459476878
"238",20,"Akhil Bharat Hindu Mahasabha",117,"CHANDNI CHOWK",0.00157097588484881
"239",20,"Independent",111,"CHANDNI CHOWK",0.00149041301895913
"240",20,"Independent",86,"CHANDNI CHOWK",0.00115473441108545
"241",20,"Indian Union Muslim League",63,"CHANDNI CHOWK",0.000845910091841667
"242",20,"Independent",57,"CHANDNI CHOWK",0.000765347225951985
"243",20,"Independent",48,"CHANDNI CHOWK",0.000644502927117461
"244",20,"Independent",25,"CHANDNI CHOWK",0.000335678607873677
"245",20,"Independent",23,"CHANDNI CHOWK",0.000308824319243783
"246",20,"None of the Above",362,"CHANDNI CHOWK",0.00486062624201085
"247",20,"",NA,"CHANDNI CHOWK",NA
"248",21,"Aam Aadmi Party",47584,"MATIA MAHAL",0.592319661417813
"249",21,"Indian National Congress",21488,"MATIA MAHAL",0.267479927802328
"250",21,"Bharatiya Janata Party",9105,"MATIA MAHAL",0.113337897553993
"251",21,"Independent",430,"MATIA MAHAL",0.00535258604593266
"252",21,"Bahujan Samaj Party",396,"MATIA MAHAL",0.00492935831206821
"253",21,"Independent",215,"MATIA MAHAL",0.00267629302296633
"254",21,"Bahujan Mukti Party",164,"MATIA MAHAL",0.00204145142216966
"255",21,"Independent",161,"MATIA MAHAL",0.00200410779859339
"256",21,"Indian Union Muslim League",131,"MATIA MAHAL",0.00163067156283065
"257",21,"Independent",122,"MATIA MAHAL",0.00151864069210182
"258",21,"Independent",91,"MATIA MAHAL",0.00113275658181366
"259",21,"Jammu & Kashmir National Panthers Party",90,"MATIA MAHAL",0.00112030870728823
"260",21,"Garib Raj Party",45,"MATIA MAHAL",0.000560154353644115
"261",21,"Independent",43,"MATIA MAHAL",0.000535258604593266
"262",21,"Independent",29,"MATIA MAHAL",0.000360988361237319
"263",21,"Hind Congress Party",19,"MATIA MAHAL",0.000236509615983071
"264",21,"Republican Party of India (A)",19,"MATIA MAHAL",0.000236509615983071
"265",21,"None of the Above",203,"MATIA MAHAL",0.00252691852866123
"266",21,"",NA,"MATIA MAHAL",NA
"267",22,"Aam Aadmi Party",57118,"BALLIMARAN",0.597118842519026
"268",22,"Bharatiya Janata Party",23241,"BALLIMARAN",0.242964372334198
"269",22,"Indian National Congress",13205,"BALLIMARAN",0.138046750857238
"270",22,"Communist Party of India",644,"BALLIMARAN",0.0067324579744083
"271",22,"Bahujan Samaj Party",438,"BALLIMARAN",0.0045789077527808
"272",22,"Independent",142,"BALLIMARAN",0.00148448607510245
"273",22,"Republican Party of India (A)",130,"BALLIMARAN",0.001359036547629
"274",22,"Nagrik Chetna Party",120,"BALLIMARAN",0.00125449527473447
"275",22,"Independent",107,"BALLIMARAN",0.00111859161997156
"276",22,"Independent",91,"BALLIMARAN",0.000951325583340303
"277",22,"Bahujan Mukti Party",61,"BALLIMARAN",0.000637701764656686
"278",22,"Bhartiya Janta Dal (Integrated)",55,"BALLIMARAN",0.000574977000919963
"279",22,"None of the Above",304,"BALLIMARAN",0.00317805469599398
"280",22,"",NA,"BALLIMARAN",NA
"281",23,"Aam Aadmi Party",67429,"KAROL BAGH",0.598034607231865
"282",23,"Bharatiya Janata Party",34549,"KAROL BAGH",0.306418568349726
"283",23,"Indian National Congress",9144,"KAROL BAGH",0.0810990589883903
"284",23,"Bahujan Samaj Party",559,"KAROL BAGH",0.00495782742503392
"285",23,"Akhil Bharat Hindu Mahasabha",182,"KAROL BAGH",0.00161417637094128
"286",23,"Independent",175,"KAROL BAGH",0.00155209266436661
"287",23,"Independent",99,"KAROL BAGH",0.000878040992984541
"288",23,"Independent",77,"KAROL BAGH",0.00068292077232131
"289",23,"Independent",54,"KAROL BAGH",0.000478931450718841
"290",23,"Shivsena",48,"KAROL BAGH",0.000425716845083414
"291",23,"Naya Daur Party",24,"KAROL BAGH",0.000212858422541707
"292",23,"None of the Above",411,"KAROL BAGH",0.00364520048602673
"293",23,"",NA,"KAROL BAGH",NA
"294",24,"Aam Aadmi Party",68868,"PATEL NAGAR",0.590533356199623
"295",24,"Bharatiya Janata Party",34230,"PATEL NAGAR",0.293517406962785
"296",24,"Indian National Congress",10766,"PATEL NAGAR",0.0923169267707083
"297",24,"Independent",1051,"PATEL NAGAR",0.00901217629909106
"298",24,"Bahujan Samaj Party",772,"PATEL NAGAR",0.00661979077345224
"299",24,"Independent",464,"PATEL NAGAR",0.00397873435088321
"300",24,"None of the Above",469,"PATEL NAGAR",0.00402160864345738
"301",24,"",NA,"PATEL NAGAR",NA
"302",25,"Aam Aadmi Party",60223,"MOTI NAGAR",0.531254410726888
"303",25,"Bharatiya Janata Party",45002,"MOTI NAGAR",0.396983062808751
"304",25,"Indian National Congress",6111,"MOTI NAGAR",0.0539079040225829
"305",25,"Bahujan Samaj Party",666,"MOTI NAGAR",0.00587508821453776
"306",25,"Independent",566,"MOTI NAGAR",0.00499294283697953
"307",25,"Independent",321,"MOTI NAGAR",0.00283168666196189
"308",25,"None of the Above",471,"MOTI NAGAR",0.00415490472829922
"309",25,"",NA,"MOTI NAGAR",NA
"310",26,"Aam Aadmi Party",66571,"MADIPUR",0.572432176791779
"311",26,"Bharatiya Janata Party",37184,"MADIPUR",0.319738595812374
"312",26,"Indian National Congress",10350,"MADIPUR",0.0889978073003998
"313",26,"Bahujan Samaj Party",600,"MADIPUR",0.00515929317683477
"314",26,"Purvanchal Mahapanchayat",512,"MADIPUR",0.00440259684423234
"315",26,"Independent",477,"MADIPUR",0.00410163807558364
"316",26,"None of the Above",601,"MADIPUR",0.00516789199879616
"317",26,"",NA,"MADIPUR",NA
"318",27,"Aam Aadmi Party",54916,"RAJOURI GARDEN",0.465504234091429
"319",27,"Shiromani Akali Dal",44880,"RAJOURI GARDEN",0.380432479168609
"320",27,"Indian National Congress",14167,"RAJOURI GARDEN",0.120088835391749
"321",27,"Shivsena",1706,"RAJOURI GARDEN",0.0144611811377372
"322",27,"Bahujan Samaj Party",384,"RAJOURI GARDEN",0.00325503725491858
"323",27,"Independent",382,"RAJOURI GARDEN",0.00323808393588255
"324",27,"Independent",280,"RAJOURI GARDEN",0.0023734646650448
"325",27,"Independent",240,"RAJOURI GARDEN",0.00203439828432411
"326",27,"Independent",101,"RAJOURI GARDEN",0.000856142611319731
"327",27,"Independent",88,"RAJOURI GARDEN",0.000745946037585508
"328",27,"Independent",74,"RAJOURI GARDEN",0.000627272804333268
"329",27,"Independent",39,"RAJOURI GARDEN",0.000330589721202668
"330",27,"Independent",36,"RAJOURI GARDEN",0.000305159742648617
"331",27,"Independent",29,"RAJOURI GARDEN",0.000245823126022497
"332",27,"None of the Above",649,"RAJOURI GARDEN",0.00550135202719312
"333",27,"",NA,"RAJOURI GARDEN",NA
"334",28,"Aam Aadmi Party",65814,"HARI NAGAR",0.584208423949226
"335",28,"Bharatiya Janata Party",39318,"HARI NAGAR",0.34901247170565
"336",28,"Indian National Congress",6221,"HARI NAGAR",0.0552216945541698
"337",28,"Bahujan Samaj Party",559,"HARI NAGAR",0.00496205228352048
"338",28,"Shivsena",152,"HARI NAGAR",0.00134925214149394
"339",28,"None of the Above",591,"HARI NAGAR",0.00524610536594026
"340",28,"",NA,"HARI NAGAR",NA
"341",29,"Aam Aadmi Party",57180,"TILAK NAGAR",0.550967903566163
"342",29,"Bharatiya Janata Party",37290,"TILAK NAGAR",0.359314325358206
"343",29,"Indian National Congress",7303,"TILAK NAGAR",0.0703693354274867
"344",29,"Independent",570,"TILAK NAGAR",0.00549233482043919
"345",29,"Rashtriya Aadiwasi Bahujan Party",253,"TILAK NAGAR",0.00243782580626512
"346",29,"Bahujan Samaj Party",250,"TILAK NAGAR",0.00240891878089438
"347",29,"Independent",238,"TILAK NAGAR",0.00229329067941145
"348",29,"Independent",80,"TILAK NAGAR",0.000770854009886203
"349",29,"Shivsena",68,"TILAK NAGAR",0.000655225908403272
"350",29,"Independent",48,"TILAK NAGAR",0.000462512405931722
"351",29,"Hind Congress Party",37,"TILAK NAGAR",0.000356519979572369
"352",29,"None of the Above",464,"TILAK NAGAR",0.00447095325733998
"353",29,"",NA,"TILAK NAGAR",NA
"354",30,"Aam Aadmi Party",71802,"JANAKPURI",0.577242177702029
"355",30,"Bharatiya Janata Party",46222,"JANAKPURI",0.3715953307393
"356",30,"Indian National Congress",4699,"JANAKPURI",0.0377769559764608
"357",30,"Bahujan Samaj Party",471,"JANAKPURI",0.00378653889442712
"358",30,"Independent",223,"JANAKPURI",0.0017927774383381
"359",30,"Independent",214,"JANAKPURI",0.00172042319194778
"360",30,"Hind Congress Party",162,"JANAKPURI",0.00130237643502589
"361",30,"Independent",63,"JANAKPURI",0.000506479724732289
"362",30,"Shivsena",49,"JANAKPURI",0.000393928674791781
"363",30,"None of the Above",483,"JANAKPURI",0.00388301122294755
"364",30,"",NA,"JANAKPURI",NA
"365",31,"Aam Aadmi Party",132437,"VIKASPURI",0.625286824487021
"366",31,"Bharatiya Janata Party",54772,"VIKASPURI",0.258600013219894
"367",31,"Indian National Congress",19540,"VIKASPURI",0.0922559749199724
"368",31,"Bahujan Samaj Party",2139,"VIKASPURI",0.0100990547775753
"369",31,"Independent",1106,"VIKASPURI",0.00522185815053682
"370",31,"Nationalist Congress Party",291,"VIKASPURI",0.00137392470326059
"371",31,"Independent",283,"VIKASPURI",0.00133615357739776
"372",31,"Gareeb Aadmi Party",252,"VIKASPURI",0.00118979046467928
"373",31,"Azad Mazdoor Kissan Party",192,"VIKASPURI",0.00090650702070802
"374",31,"None of the Above",790,"VIKASPURI",0.00372989867895487
"375",31,"",NA,"VIKASPURI",NA
"376",32,"Aam Aadmi Party",85881,"UTTAM NAGAR",0.519923719578641
"377",32,"Bharatiya Janata Party",55462,"UTTAM NAGAR",0.335767042014772
"378",32,"Indian National Congress",20703,"UTTAM NAGAR",0.125335997094079
"379",32,"Bahujan Samaj Party",884,"UTTAM NAGAR",0.0053517374984865
"380",32,"Independent",332,"UTTAM NAGAR",0.00200992856278
"381",32,"Independent",295,"UTTAM NAGAR",0.00178593050006054
"382",32,"Kalyankari Jantantrik Party",259,"UTTAM NAGAR",0.0015679864390362
"383",32,"Independent",228,"UTTAM NAGAR",0.00138031238648747
"384",32,"Independent",226,"UTTAM NAGAR",0.00136820438309723
"385",32,"Independent",142,"UTTAM NAGAR",0.000859668240707107
"386",32,"Gareeb Aadmi Party",96,"UTTAM NAGAR",0.000581184162731566
"387",32,"None of the Above",672,"UTTAM NAGAR",0.00406828913912096
"388",32,"",NA,"UTTAM NAGAR",NA
"389",33,"Aam Aadmi Party",79729,"DWARKA",0.590795245716996
"390",33,"Bharatiya Janata Party",40363,"DWARKA",0.299091528839884
"391",33,"Indian National Congress",12532,"DWARKA",0.0928626474598376
"392",33,"Bahujan Samaj Party",608,"DWARKA",0.00450530559013575
"393",33,"Communist Party of India  (Marxist)",264,"DWARKA",0.00195625111150631
"394",33,"Independent",242,"DWARKA",0.00179323018554745
"395",33,"National Youth Party",219,"DWARKA",0.00162279921749956
"396",33,"Bharat Vishal Party",178,"DWARKA",0.00131898749184895
"397",33,"Independent",128,"DWARKA",0.000948485387397
"398",33,"Rashtriya Krantikari Samajwadi Party",94,"DWARKA",0.000696543956369672
"399",33,"Independent",82,"DWARKA",0.000607623451301203
"400",33,"Independent",77,"DWARKA",0.000570573240856008
"401",33,"Independent",55,"DWARKA",0.000407552314897149
"402",33,"Proutist Bloc, India",49,"DWARKA",0.000363092062362914
"403",33,"None of the Above",332,"DWARKA",0.00246013397356097
"404",33,"",NA,"DWARKA",NA
"405",34,"Aam Aadmi Party",127665,"MATIALA",0.5491416502854
"406",34,"Bharatiya Janata Party",80661,"MATIALA",0.346957385764858
"407",34,"Indian National Congress",20284,"MATIALA",0.0872501408717272
"408",34,"Rashtriya Bahujan Hitay Party",728,"MATIALA",0.0031314386982162
"409",34,"Bahujan Samaj Party",723,"MATIALA",0.00310993156429988
"410",34,"Independent",376,"MATIALA",0.00161733647050727
"411",34,"Independent",221,"MATIALA",0.000950615319101346
"412",34,"Independent",188,"MATIALA",0.000808668235253634
"413",34,"Rashtriya Janmorcha",155,"MATIALA",0.000666721151405921
"414",34,"Proutist Bloc, India",127,"MATIALA",0.000546281201474529
"415",34,"Independent",125,"MATIALA",0.000537678347908001
"416",34,"Shreshthatam Rashtra Party",71,"MATIALA",0.000305401301611745
"417",34,"Independent",55,"MATIALA",0.00023657847307952
"418",34,"None of the Above",1102,"MATIALA",0.00474017231515694
"419",34,"",NA,"MATIALA",NA
"420",35,"Aam Aadmi Party",55598,"NAJAFGARH",0.346228095303334
"421",35,"Indian National Lok Dal",54043,"NAJAFGARH",0.33654456912979
"422",35,"Bharatiya Janata Party",39462,"NAJAFGARH",0.245743607627256
"423",35,"Indian National Congress",8180,"NAJAFGARH",0.0509397068164551
"424",35,"Bahujan Samaj Party",1108,"NAJAFGARH",0.00689990160790126
"425",35,"Independent",391,"NAJAFGARH",0.00243489307643447
"426",35,"Proutist Bloc, India",350,"NAJAFGARH",0.00217957180755004
"427",35,"Independent",295,"NAJAFGARH",0.0018370676663636
"428",35,"Independent",259,"NAJAFGARH",0.00161288313758703
"429",35,"Independent",132,"NAJAFGARH",0.000822009938847442
"430",35,"Independent",85,"NAJAFGARH",0.00052932458183358
"431",35,"Rashtriya Bahujan Hitay Party",74,"NAJAFGARH",0.000460823753596293
"432",35,"Independent",70,"NAJAFGARH",0.000435914361510007
"433",35,"None of the Above",535,"NAJAFGARH",0.00333163119154077
"434",35,"",NA,"NAJAFGARH",NA
"435",36,"Aam Aadmi Party",65006,"BIJWASAN",0.549882420612766
"436",36,"Bharatiya Janata Party",45470,"BIJWASAN",0.384628398382649
"437",36,"Indian National Congress",5258,"BIJWASAN",0.0444771523795023
"438",36,"Independent",926,"BIJWASAN",0.00783298651643574
"439",36,"Bahujan Samaj Party",641,"BIJWASAN",0.00542218613070768
"440",36,"Indian National Lok Dal",421,"BIJWASAN",0.00356121741190005
"441",36,"None of the Above",496,"BIJWASAN",0.00419563856603901
"442",36,"",NA,"BIJWASAN",NA
"443",37,"Aam Aadmi Party",82637,"PALAM",0.559602088426299
"444",37,"Bharatiya Janata Party",51788,"PALAM",0.350698512233275
"445",37,"Indian National Congress",10529,"PALAM",0.0713003907334548
"446",37,"Bahujan Samaj Party",900,"PALAM",0.00609462927724469
"447",37,"Communist Party of India",488,"PALAM",0.00330464343032823
"448",37,"Independent",461,"PALAM",0.00312180455201089
"449",37,"Independent",164,"PALAM",0.00111057689052014
"450",37,"Independent",153,"PALAM",0.0010360869771316
"451",37,"Hind Congress Party",76,"PALAM",0.000514657583411773
"452",37,"None of the Above",475,"PALAM",0.00321660989632358
"453",37,"",NA,"PALAM",NA
"454",38,"Aam Aadmi Party",40133,"DELHI CANTT",0.518219616755333
"455",38,"Bharatiya Janata Party",28935,"DELHI CANTT",0.373624812767936
"456",38,"Indian National Congress",7087,"DELHI CANTT",0.0915112855740922
"457",38,"Bahujan Samaj Party",467,"DELHI CANTT",0.00603016373121223
"458",38,"Independent",210,"DELHI CANTT",0.00271163679562006
"459",38,"Independent",98,"DELHI CANTT",0.0012654305046227
"460",38,"Independent",93,"DELHI CANTT",0.0012008677237746
"461",38,"Hind Congress Party",45,"DELHI CANTT",0.00058106502763287
"462",38,"Independent",26,"DELHI CANTT",0.000335726460410103
"463",38,"Independent",24,"DELHI CANTT",0.000309901348070864
"464",38,"None of the Above",326,"DELHI CANTT",0.0042094933112959
"465",38,"",NA,"DELHI CANTT",NA
"466",39,"Aam Aadmi Party",61354,"RAJINDER NAGAR",0.533944842350771
"467",39,"Bharatiya Janata Party",41303,"RAJINDER NAGAR",0.359447205131106
"468",39,"Indian National Congress",8971,"RAJINDER NAGAR",0.0780718320032722
"469",39,"Bahujan Samaj Party",1467,"RAJINDER NAGAR",0.0127668462321704
"470",39,"Independent",412,"RAJINDER NAGAR",0.00358550828060954
"471",39,"Atulya Bharat Party",278,"RAJINDER NAGAR",0.00241934782041129
"472",39,"Naya Daur Party",232,"RAJINDER NAGAR",0.00201902408034323
"473",39,"Independent",226,"RAJINDER NAGAR",0.00196680794033436
"474",39,"Independent",97,"RAJINDER NAGAR",0.000844160930143507
"475",39,"Independent",95,"RAJINDER NAGAR",0.000826755550140548
"476",39,"None of the Above",472,"RAJINDER NAGAR",0.0041076696806983
"477",39,"",NA,"RAJINDER NAGAR",NA
"478",40,"Aam Aadmi Party",57213,"NEW DELHI",0.641351015054872
"479",40,"Bharatiya Janata Party",25630,"NEW DELHI",0.287309291871714
"480",40,"Indian National Congress",4781,"NEW DELHI",0.0535944488661204
"481",40,"Akhil Bharat Hindu Mahasabha",373,"NEW DELHI",0.00418128622193326
"482",40,"Independent",192,"NEW DELHI",0.00215229746544554
"483",40,"Bahujan Samaj Party",168,"NEW DELHI",0.00188326028226484
"484",40,"Nationalist Congress Party",100,"NEW DELHI",0.00112098826325288
"485",40,"Independent",94,"NEW DELHI",0.00105372896745771
"486",40,"Samras Samaj Party",48,"NEW DELHI",0.000538074366361384
"487",40,"Naya Daur Party",45,"NEW DELHI",0.000504444718463798
"488",40,"Independent",34,"NEW DELHI",0.00038113600950598
"489",40,"Gareeb Aadmi Party",34,"NEW DELHI",0.00038113600950598
"490",40,"Vishva SHakti Party",30,"NEW DELHI",0.000336296478975865
"491",40,"None of the Above",465,"NEW DELHI",0.00521259542412591
"492",40,"",NA,"NEW DELHI",NA
"493",41,"Aam Aadmi Party",43927,"JANGPURA",0.48110707088408
"494",41,"Bharatiya Janata Party",23477,"JANGPURA",0.257130027162008
"495",41,"Indian National Congress",22662,"JANGPURA",0.248203802681153
"496",41,"Bahujan Samaj Party",382,"JANGPURA",0.00418382546219224
"497",41,"Independent",164,"JANGPURA",0.00179619731884693
"498",41,"Independent",127,"JANGPURA",0.00139095767983878
"499",41,"Shivsena",118,"JANGPURA",0.00129238587575572
"500",41,"Independent",90,"JANGPURA",0.000985718040830632
"501",41,"Naya Daur Party",43,"JANGPURA",0.000470954175063524
"502",41,"None of the Above",314,"JANGPURA",0.00343906072023131
"503",41,"",NA,"JANGPURA",NA
"504",42,"Aam Aadmi Party",50766,"KASTURBA NAGAR",0.515547882603839
"505",42,"Bharatiya Janata Party",34870,"KASTURBA NAGAR",0.354118005483904
"506",42,"Indian National Congress",11233,"KASTURBA NAGAR",0.11407535289936
"507",42,"Bahujan Samaj Party",317,"KASTURBA NAGAR",0.00321925459530822
"508",42,"Independent",281,"KASTURBA NAGAR",0.00285366101350665
"509",42,"Samata Sangharsh Party",276,"KASTURBA NAGAR",0.00280288412714532
"510",42,"Independent",83,"KASTURBA NAGAR",0.00084289631359805
"511",42,"Independent",73,"KASTURBA NAGAR",0.000741342540875393
"512",42,"Bahujan Mukti Party",56,"KASTURBA NAGAR",0.000568701127246877
"513",42,"Naya Daur Party",34,"KASTURBA NAGAR",0.000345282827257033
"514",42,"Independent",32,"KASTURBA NAGAR",0.000324972072712501
"515",42,"Hind Congress Party",26,"KASTURBA NAGAR",0.000264039809078907
"516",42,"None of the Above",423,"KASTURBA NAGAR",0.00429572458616838
"517",42,"",NA,"KASTURBA NAGAR",NA
"518",43,"Aam Aadmi Party",51196,"MALVIYA NAGAR",0.549873798399656
"519",43,"Bharatiya Janata Party",35299,"MALVIYA NAGAR",0.379131088555931
"520",43,"Indian National Congress",5555,"MALVIYA NAGAR",0.0596638204178079
"521",43,"Bahujan Samaj Party",293,"MALVIYA NAGAR",0.00314698458729392
"522",43,"Navyug Party",184,"MALVIYA NAGAR",0.00197626335857365
"523",43,"Independent",129,"MALVIYA NAGAR",0.00138553246334783
"524",43,"Independent",74,"MALVIYA NAGAR",0.000794801568122013
"525",43,"None of the Above",375,"MALVIYA NAGAR",0.00402771064926696
"526",43,"",NA,"MALVIYA NAGAR",NA
"527",44,"Aam Aadmi Party",54645,"R K PURAM",0.567704870345745
"528",44,"Bharatiya Janata Party",35577,"R K PURAM",0.369608128324468
"529",44,"Indian National Congress",4042,"R K PURAM",0.0419921875
"530",44,"Bahujan Samaj Party",828,"R K PURAM",0.00860206117021277
"531",44,"Independent",234,"R K PURAM",0.00243101728723404
"532",44,"Hindusthan Nirman Dal",133,"R K PURAM",0.00138173204787234
"533",44,"Hind Congress Party",120,"R K PURAM",0.00124667553191489
"534",44,"Rashtriya Shakti Party(India)",59,"R K PURAM",0.000612948803191489
"535",44,"Independent",54,"R K PURAM",0.000561003989361702
"536",44,"Purvanchal Mahapanchayat",43,"R K PURAM",0.00044672539893617
"537",44,"Republican Party of India (A)",38,"R K PURAM",0.000394780585106383
"538",44,"Independent",21,"R K PURAM",0.000218168218085106
"539",44,"None of the Above",462,"R K PURAM",0.00479970079787234
"540",44,"",NA,"R K PURAM",NA
"541",45,"Aam Aadmi Party",58125,"MEHRAULI",0.510629886673109
"542",45,"Bharatiya Janata Party",41174,"MEHRAULI",0.361714837916191
"543",45,"Indian National Congress",12065,"MEHRAULI",0.105991390670298
"544",45,"Independent",1220,"MEHRAULI",0.0107177369761926
"545",45,"Bahujan Samaj Party",550,"MEHRAULI",0.00483176666959501
"546",45,"Independent",143,"MEHRAULI",0.0012562593340947
"547",45,"None of the Above",553,"MEHRAULI",0.00485812176052007
"548",45,"",NA,"MEHRAULI",NA
"549",46,"Aam Aadmi Party",67645,"CHHATARPUR",0.542888557166017
"550",46,"Bharatiya Janata Party",45405,"CHHATARPUR",0.364400250397265
"551",46,"Indian National Congress",9339,"CHHATARPUR",0.0749506428468243
"552",46,"Rashtriya Lok Dal",627,"CHHATARPUR",0.005032021957914
"553",46,"Bahujan Samaj Party",503,"CHHATARPUR",0.00403685334103786
"554",46,"Independent",267,"CHHATARPUR",0.00214282274762845
"555",46,"Independent",171,"CHHATARPUR",0.00137236962488564
"556",46,"Shivsena",98,"CHHATARPUR",0.000786504229466622
"557",46,"None of the Above",547,"CHHATARPUR",0.00438997768896165
"558",46,"",NA,"CHHATARPUR",NA
"559",47,"Aam Aadmi Party",96530,"DEOLI",0.706129346100671
"560",47,"Bharatiya Janata Party",32593,"DEOLI",0.238421980497868
"561",47,"Indian National Congress",4968,"DEOLI",0.0363415579760503
"562",47,"Bahujan Samaj Party",1569,"DEOLI",0.0114774364863975
"563",47,"Hind Congress Party",318,"DEOLI",0.00232621083663124
"564",47,"Samras Samaj Party",223,"DEOLI",0.0016312736370087
"565",47,"None of the Above",502,"DEOLI",0.00367219446537384
"566",47,"",NA,"DEOLI",NA
"567",48,"Aam Aadmi Party",66632,"AMBEDKAR NAGAR",0.683854016995772
"568",48,"Bharatiya Janata Party",24172,"AMBEDKAR NAGAR",0.248080791493904
"569",48,"Indian National Congress",5336,"AMBEDKAR NAGAR",0.0547641528798391
"570",48,"Bahujan Samaj Party",815,"AMBEDKAR NAGAR",0.00836446487951065
"571",48,"None of the Above",481,"AMBEDKAR NAGAR",0.004936573750975
"572",48,"",NA,"AMBEDKAR NAGAR",NA
"573",49,"Aam Aadmi Party",72131,"SANGAM VIHAR",0.659585947072917
"574",49,"Bharatiya Janata Party",28143,"SANGAM VIHAR",0.257347427714479
"575",49,"Indian National Congress",3423,"SANGAM VIHAR",0.031300865048739
"576",49,"Bahujan Samaj Party",3146,"SANGAM VIHAR",0.0287678999250169
"577",49,"Independent",503,"SANGAM VIHAR",0.00459957204776971
"578",49,"Samras Samaj Party",323,"SANGAM VIHAR",0.0029536019312716
"579",49,"Independent",287,"SANGAM VIHAR",0.00262440790797198
"580",49,"Independent",241,"SANGAM VIHAR",0.00220377110042247
"581",49,"Sathi Aur Aapka Faisala Party",179,"SANGAM VIHAR",0.00163682583807312
"582",49,"Independent",146,"SANGAM VIHAR",0.00133506465004846
"583",49,"Purvanchal Mahapanchayat",113,"SANGAM VIHAR",0.00103330346202381
"584",49,"Hind Congress Party",90,"SANGAM VIHAR",0.000822985058249054
"585",49,"Independent",70,"SANGAM VIHAR",0.000640099489749264
"586",49,"Rashtriya Bahujan Congress Party",60,"SANGAM VIHAR",0.000548656705499369
"587",49,"Naya Daur Party",36,"SANGAM VIHAR",0.000329194023299621
"588",49,"None of the Above",467,"SANGAM VIHAR",0.00427037802447009
"589",49,"",NA,"SANGAM VIHAR",NA
"590",50,"Aam Aadmi Party",57589,"GREATER KAILASH",0.533048862889566
"591",50,"Bharatiya Janata Party",43006,"GREATER KAILASH",0.398067328785509
"592",50,"Indian National Congress",6102,"GREATER KAILASH",0.0564806501476346
"593",50,"Bahujan Samaj Party",239,"GREATER KAILASH",0.00221220507788998
"594",50,"Samaj Parivartan Party",238,"GREATER KAILASH",0.00220294898969797
"595",50,"Independent",228,"GREATER KAILASH",0.00211038810777789
"596",50,"Nationalist Congress Party",116,"GREATER KAILASH",0.00107370623027296
"597",50,"Shivsena",76,"GREATER KAILASH",0.00070346270259263
"598",50,"None of the Above",443,"GREATER KAILASH",0.00410044706905967
"599",50,"",NA,"GREATER KAILASH",NA
"600",51,"Aam Aadmi Party",55104,"KALKAJI",0.517194773990089
"601",51,"Bharatiya Janata Party",35335,"KALKAJI",0.331647019071933
"602",51,"Indian National Congress",13552,"KALKAJI",0.127196275717075
"603",51,"Independent",666,"KALKAJI",0.00625093857936627
"604",51,"Bahujan Samaj Party",491,"KALKAJI",0.00460842468839165
"605",51,"Independent",301,"KALKAJI",0.00282512389247635
"606",51,"Independent",205,"KALKAJI",0.00192408770085598
"607",51,"Samras Samaj Party",181,"KALKAJI",0.00169882865295089
"608",51,"Independent",118,"KALKAJI",0.00110752365220003
"609",51,"Independent",63,"KALKAJI",0.000591305000750864
"610",51,"None of the Above",528,"KALKAJI",0.004955699053912
"611",51,"",NA,"KALKAJI",NA
"612",52,"Aam Aadmi Party",64311,"TUGHLAKABAD",0.62403330195911
"613",52,"Bharatiya Janata Party",30610,"TUGHLAKABAD",0.297020095675209
"614",52,"Indian National Congress",4269,"TUGHLAKABAD",0.0414236781586889
"615",52,"Bahujan Samaj Party",2015,"TUGHLAKABAD",0.0195522865986784
"616",52,"Independent",549,"TUGHLAKABAD",0.00532714905343645
"617",52,"Rashtriya Janata Dal",236,"TUGHLAKABAD",0.00228999485721494
"618",52,"Independent",223,"TUGHLAKABAD",0.00216385107270734
"619",52,"Rashtriya Bahujan Congress Party",177,"TUGHLAKABAD",0.0017174961429112
"620",52,"Independent",173,"TUGHLAKABAD",0.00167868267075502
"621",52,"Independent",111,"TUGHLAKABAD",0.00107707385233415
"622",52,"None of the Above",383,"TUGHLAKABAD",0.00371638995895475
"623",52,"",NA,"TUGHLAKABAD",NA
"624",53,"Aam Aadmi Party",94242,"BADARPUR",0.553060134623623
"625",53,"Bharatiya Janata Party",46659,"BADARPUR",0.273818815617279
"626",53,"Indian National Congress",18930,"BADARPUR",0.111090897353889
"627",53,"Bahujan Samaj Party",8082,"BADARPUR",0.0474292991238314
"628",53,"Independent",1088,"BADARPUR",0.00638493905552197
"629",53,"Samras Samaj Party",350,"BADARPUR",0.00205397855646387
"630",53,"Independent",267,"BADARPUR",0.00156689221307387
"631",53,"Independent",221,"BADARPUR",0.0012969407456529
"632",53,"None of the Above",562,"BADARPUR",0.00329810271066484
"633",53,"",NA,"BADARPUR",NA
"634",54,"Aam Aadmi Party",104271,"OKHLA",0.625658534243781
"635",54,"Bharatiya Janata Party",39739,"OKHLA",0.238446399212759
"636",54,"Indian National Congress",20135,"OKHLA",0.120816282446687
"637",54,"Indian National League",853,"OKHLA",0.00511826614983979
"638",54,"Bahujan Samaj Party",696,"OKHLA",0.00417621716329249
"639",54,"Independent",153,"OKHLA",0.000918047738482401
"640",54,"Independent",102,"OKHLA",0.000612031825654934
"641",54,"Independent",98,"OKHLA",0.000588030577590035
"642",54,"Samras Samaj Party",92,"OKHLA",0.000552028705492686
"643",54,"None of the Above",519,"OKHLA",0.00311416193642069
"644",54,"",NA,"OKHLA",NA
"645",55,"Aam Aadmi Party",74907,"TRILOKPURI",0.586227676125781
"646",55,"Bharatiya Janata Party",45153,"TRILOKPURI",0.353370689790105
"647",55,"Indian National Congress",4149,"TRILOKPURI",0.0324703783123855
"648",55,"Bahujan Samaj Party",2217,"TRILOKPURI",0.017350404607992
"649",55,"Communist Party of India",380,"TRILOKPURI",0.00297390787146457
"650",55,"Bahujan Mukti Party",271,"TRILOKPURI",0.002120865876755
"651",55,"Gareeb Aadmi Party",134,"TRILOKPURI",0.00104869382835856
"652",55,"Samras Samaj Party",100,"TRILOKPURI",0.00078260733459594
"653",55,"None of the Above",467,"TRILOKPURI",0.00365477625256304
"654",55,"",NA,"TRILOKPURI",NA
"655",56,"Aam Aadmi Party",63185,"KONDLI",0.506618879240533
"656",56,"Bharatiya Janata Party",38426,"KONDLI",0.308100610171666
"657",56,"Indian National Congress",13562,"KONDLI",0.108740448528292
"658",56,"Bahujan Samaj Party",8533,"KONDLI",0.0684178032216422
"659",56,"Communist Party of India  (Marxist-Leninist)  (Liberation)",230,"KONDLI",0.00184414563939737
"660",56,"Independent",193,"KONDLI",0.00154747873218996
"661",56,"Independent",132,"KONDLI",0.00105837923652371
"662",56,"None of the Above",458,"KONDLI",0.00367225522975649
"663",56,"",NA,"KONDLI",NA
"664",57,"Aam Aadmi Party",75477,"PATPARGANJ",0.535772848269743
"665",57,"Bharatiya Janata Party",46716,"PATPARGANJ",0.331613132209406
"666",57,"Indian National Congress",16260,"PATPARGANJ",0.115421472937001
"667",57,"Bahujan Samaj Party",1213,"PATPARGANJ",0.00861047027506655
"668",57,"Shivsena",294,"PATPARGANJ",0.00208695652173913
"669",57,"Samras Samaj Party",284,"PATPARGANJ",0.00201597160603372
"670",57,"Independent",98,"PATPARGANJ",0.000695652173913044
"671",57,"None of the Above",533,"PATPARGANJ",0.00378349600709849
"672",57,"",NA,"PATPARGANJ",NA
"673",58,"Aam Aadmi Party",58229,"LAXMI NAGAR",0.425498176822629
"674",58,"Bharatiya Janata Party",53383,"LAXMI NAGAR",0.390086884083917
"675",58,"Indian National Congress",23627,"LAXMI NAGAR",0.172650147242581
"676",58,"Bahujan Samaj Party",687,"LAXMI NAGAR",0.00502013167798084
"677",58,"Independent",270,"LAXMI NAGAR",0.00197297751536365
"678",58,"Nationalist Congress Party",165,"LAXMI NAGAR",0.00120570848161112
"679",58,"Republican Party of India",68,"LAXMI NAGAR",0.000496898040906401
"680",58,"None of the Above",420,"LAXMI NAGAR",0.00306907613501012
"681",58,"",NA,"LAXMI NAGAR",NA
"682",59,"Bharatiya Janata Party",58124,"VISHWAS NAGAR",0.451553760099441
"683",59,"Aam Aadmi Party",47966,"VISHWAS NAGAR",0.37263828464885
"684",59,"Indian National Congress",20634,"VISHWAS NAGAR",0.160301429459291
"685",59,"Bahujan Samaj Party",854,"VISHWAS NAGAR",0.00663455562461156
"686",59,"Garib Raj Party",270,"VISHWAS NAGAR",0.00209757613424487
"687",59,"Hind Congress Party",140,"VISHWAS NAGAR",0.00108763206960845
"688",59,"Samras Samaj Party",138,"VISHWAS NAGAR",0.00107209446861405
"689",59,"Bhartiya Jan Manch",95,"VISHWAS NAGAR",0.000738036047234307
"690",59,"None of the Above",499,"VISHWAS NAGAR",0.00387663144810441
"691",59,"",NA,"VISHWAS NAGAR",NA
"692",60,"Aam Aadmi Party",65919,"KRISHNA NAGAR",0.479882066028464
"693",60,"Bharatiya Janata Party",63642,"KRISHNA NAGAR",0.463305791140392
"694",60,"Indian National Congress",6189,"KRISHNA NAGAR",0.0450551450515051
"695",60,"Bahujan Samaj Party",501,"KRISHNA NAGAR",0.00364721726786299
"696",60,"Communist Party of India",339,"KRISHNA NAGAR",0.0024678775525061
"697",60,"Samyak Parivartan Party",169,"KRISHNA NAGAR",0.00123029883885997
"698",60,"Independent",90,"KRISHNA NAGAR",0.000655188730753831
"699",60,"Hind Congress Party",73,"KRISHNA NAGAR",0.000531430859389218
"700",60,"Independent",53,"KRISHNA NAGAR",0.000385833363666145
"701",60,"Rajlok Party",32,"KRISHNA NAGAR",0.000232955993156918
"702",60,"None of the Above",358,"KRISHNA NAGAR",0.00260619517344302
"703",60,"",NA,"KRISHNA NAGAR",NA
"704",61,"Aam Aadmi Party",50946,"GANDHI NAGAR",0.452439100201593
"705",61,"Bharatiya Janata Party",43464,"GANDHI NAGAR",0.385993268385389
"706",61,"Indian National Congress",16228,"GANDHI NAGAR",0.144116941822154
"707",61,"Independent",660,"GANDHI NAGAR",0.00586130032059537
"708",61,"Bahujan Samaj Party",456,"GANDHI NAGAR",0.00404962567604771
"709",61,"Shivsena",165,"GANDHI NAGAR",0.00146532508014884
"710",61,"Independent",80,"GANDHI NAGAR",0.00071046064492065
"711",61,"Independent",65,"GANDHI NAGAR",0.000577249273998028
"712",61,"Independent",47,"GANDHI NAGAR",0.000417395628890882
"713",61,"None of the Above",492,"GANDHI NAGAR",0.004369332966262
"714",61,"",NA,"GANDHI NAGAR",NA
"715",62,"Aam Aadmi Party",58523,"SHAHDARA",0.494883980516845
"716",62,"Bharatiya Janata Party",46792,"SHAHDARA",0.395683939926938
"717",62,"Indian National Congress",9423,"SHAHDARA",0.0796830604789609
"718",62,"Independent",1289,"SHAHDARA",0.0109000811798133
"719",62,"Bahujan Samaj Party",1276,"SHAHDARA",0.0107901501826546
"720",62,"Garib Raj Party",235,"SHAHDARA",0.00198721417940739
"721",62,"Independent",167,"SHAHDARA",0.00141219050196185
"722",62,"Independent",86,"SHAHDARA",0.000727235827357597
"723",62,"Independent",56,"SHAHDARA",0.000473548910837505
"724",62,"Independent",41,"SHAHDARA",0.000346705452577459
"725",62,"None of the Above",368,"SHAHDARA",0.00311189284264646
"726",62,"",NA,"SHAHDARA",NA
"727",63,"Aam Aadmi Party",79777,"SEEMA PURI",0.630443887751796
"728",63,"Bharatiya Janata Party",30956,"SEEMA PURI",0.244632174552121
"729",63,"Indian National Congress",10674,"SEEMA PURI",0.0843521072221651
"730",63,"Bahujan Samaj Party",4103,"SEEMA PURI",0.0324242735556065
"731",63,"Garib Raj Party",304,"SEEMA PURI",0.00240238341723236
"732",63,"Independent",228,"SEEMA PURI",0.00180178756292427
"733",63,"None of the Above",499,"SEEMA PURI",0.00394338593815443
"734",63,"",NA,"SEEMA PURI",NA
"735",64,"Aam Aadmi Party",62209,"ROHTAS NAGAR",0.459602228231157
"736",64,"Bharatiya Janata Party",54335,"ROHTAS NAGAR",0.401428845841275
"737",64,"Indian National Congress",15548,"ROHTAS NAGAR",0.114869157911846
"738",64,"Bahujan Samaj Party",2115,"ROHTAS NAGAR",0.0156256926282193
"739",64,"Garib Raj Party",243,"ROHTAS NAGAR",0.00179529234451882
"740",64,"Independent",191,"ROHTAS NAGAR",0.00141111455886047
"741",64,"Jammu & Kashmir National Panthers Party",87,"ROHTAS NAGAR",0.000642758987543774
"742",64,"Rashtriya Bahujan Congress Party",85,"ROHTAS NAGAR",0.000627982918864607
"743",64,"Independent",67,"ROHTAS NAGAR",0.000494998300752102
"744",64,"Shivsena",65,"ROHTAS NAGAR",0.000480222232072935
"745",64,"None of the Above",409,"ROHTAS NAGAR",0.0030217060448897
"746",64,"",NA,"ROHTAS NAGAR",NA
"747",65,"Aam Aadmi Party",57302,"SEELAMPUR",0.51255400413249
"748",65,"Bharatiya Janata Party",29415,"SEELAMPUR",0.263110816927109
"749",65,"Indian National Congress",23791,"SEELAMPUR",0.212805352558655
"750",65,"Bahujan Samaj Party",629,"SEELAMPUR",0.00562626904120862
"751",65,"Independent",146,"SEELAMPUR",0.00130593844199755
"752",65,"Independent",114,"SEELAMPUR",0.00101970535882
"753",65,"Independent",71,"SEELAMPUR",0.000635079653300178
"754",65,"None of the Above",329,"SEELAMPUR",0.00294283388641913
"755",65,"",NA,"SEELAMPUR",NA
"756",66,"Aam Aadmi Party",60906,"GHONDA",0.449577040612959
"757",66,"Bharatiya Janata Party",52813,"GHONDA",0.389838640624769
"758",66,"Indian National Congress",18892,"GHONDA",0.139451112390569
"759",66,"Bahujan Samaj Party",1314,"GHONDA",0.00969927809026086
"760",66,"Janata Dal  (United)",770,"GHONDA",0.00568374743493216
"761",66,"Samras Samaj Party",150,"GHONDA",0.00110722352628549
"762",66,"Shivsena",129,"GHONDA",0.000952212232605518
"763",66,"None of the Above",500,"GHONDA",0.00369074508761829
"764",66,"",NA,"GHONDA",NA
"765",67,"Aam Aadmi Party",75928,"BABARPUR",0.592960507305797
"766",67,"Bharatiya Janata Party",40440,"BABARPUR",0.315816601457255
"767",67,"Indian National Congress",9916,"BABARPUR",0.0774391053424861
"768",67,"Bahujan Samaj Party",754,"BABARPUR",0.00588837085803091
"769",67,"Independent",149,"BABARPUR",0.00116361705284696
"770",67,"Rashtriya Bahujan Congress Party",141,"BABARPUR",0.00110114096947262
"771",67,"Peace Party",96,"BABARPUR",0.000749713000491999
"772",67,"Independent",87,"BABARPUR",0.000679427406695874
"773",67,"Samyak Parivartan Party",62,"BABARPUR",0.000484189646151083
"774",67,"Independent",52,"BABARPUR",0.000406094541933166
"775",67,"Aman Samaj Party",48,"BABARPUR",0.000374856500246
"776",67,"Independent",43,"BABARPUR",0.000335808948137041
"777",67,"Independent",43,"BABARPUR",0.000335808948137041
"778",67,"None of the Above",290,"BABARPUR",0.00226475802231958
"779",67,"",NA,"BABARPUR",NA
"780",68,"Aam Aadmi Party",71240,"GOKALPUR",0.487144420131291
"781",68,"Bharatiya Janata Party",39272,"GOKALPUR",0.268544857768053
"782",68,"Bahujan Samaj Party",30080,"GOKALPUR",0.205689277899344
"783",68,"Indian National Congress",3344,"GOKALPUR",0.0228665207877462
"784",68,"Bhartiya Sarvodaya Party",1241,"GOKALPUR",0.00848605032822757
"785",68,"Garib Raj Party",384,"GOKALPUR",0.00262582056892779
"786",68,"Independent",153,"GOKALPUR",0.00104622538293217
"787",68,"None of the Above",526,"GOKALPUR",0.00359682713347921
"788",68,"",NA,"GOKALPUR",NA
"789",69,"Bharatiya Janata Party",58388,"MUSTAFABAD",0.353290695774767
"790",69,"Indian National Congress",52357,"MUSTAFABAD",0.316798673677459
"791",69,"Aam Aadmi Party",49791,"MUSTAFABAD",0.301272470941314
"792",69,"Bahujan Samaj Party",2893,"MUSTAFABAD",0.0175047952126533
"793",69,"Hind Congress Party",418,"MUSTAFABAD",0.00252920995467995
"794",69,"Independent",399,"MUSTAFABAD",0.00241424586583086
"795",69,"Independent",169,"MUSTAFABAD",0.00102257531660505
"796",69,"Gareeb Aadmi Party",138,"MUSTAFABAD",0.000835002329535485
"797",69,"Independent",129,"MUSTAFABAD",0.000780545655870127
"798",69,"None of the Above",587,"MUSTAFABAD",0.003551785271285
"799",69,"",NA,"MUSTAFABAD",NA
"800",70,"Aam Aadmi Party",101865,"KARAWAL NAGAR",0.598484180840751
"801",70,"Bharatiya Janata Party",57434,"KARAWAL NAGAR",0.337440145706648
"802",70,"Indian National Congress",5362,"KARAWAL NAGAR",0.0315031873329221
"803",70,"Bahujan Samaj Party",2202,"KARAWAL NAGAR",0.0129373402661496
"804",70,"Communist Party of India  (Marxist)",712,"KARAWAL NAGAR",0.0041831908580829
"805",70,"Independent",696,"KARAWAL NAGAR",0.00408918656913722
"806",70,"Rashtriya Bahujan Hitay Party",279,"KARAWAL NAGAR",0.00163919978849035
"807",70,"Independent",211,"KARAWAL NAGAR",0.0012396815604712
"808",70,"National Apni Party",151,"KARAWAL NAGAR",0.000887165476924885
"809",70,"Samras Samaj Party",146,"KARAWAL NAGAR",0.000857789136629359
"810",70,"Asankhya Samaj Party",144,"KARAWAL NAGAR",0.000846038600511148
"811",70,"Hindusthan Nirman Dal",115,"KARAWAL NAGAR",0.000675655826797098
"812",70,"None of the Above",888,"KARAWAL NAGAR",0.00521723803648541
"813",70,"",NA,"KARAWAL NAGAR",NA
